id,username,password,mobile,email,user_type
1000,teacher0,hashed_pw,000-0000-1000,teacher1000@edmaster.com,teacher
1001,teacher1,hashed_pw,000-0000-1001,teacher1001@edmaster.com,teacher
1002,teacher2,hashed_pw,000-0000-1002,teacher1002@edmaster.com,teacher
1003,teacher3,hashed_pw,000-0000-1003,teacher1003@edmaster.com,teacher
1004,teacher4,hashed_pw,000-0000-1004,teacher1004@edmaster.com,teacher
1005,teacher5,hashed_pw,000-0000-1005,teacher1005@edmaster.com,teacher
1006,teacher6,hashed_pw,000-0000-1006,teacher1006@edmaster.com,teacher
1007,teacher7,hashed_pw,000-0000-1007,teacher1007@edmaster.com,teacher
1008,teacher8,hashed_pw,000-0000-1008,teacher1008@edmaster.com,teacher
1009,teacher9,hashed_pw,000-0000-1009,teacher1009@edmaster.com,teacher
1010,teacher10,hashed_pw,000-0000-1010,teacher1010@edmaster.com,teacher
1011,teacher11,hashed_pw,000-0000-1011,teacher1011@edmaster.com,teacher
1012,teacher12,hashed_pw,000-0000-1012,teacher1012@edmaster.com,teacher
1013,teacher13,hashed_pw,000-0000-1013,teacher1013@edmaster.com,teacher
1014,teacher14,hashed_pw,000-0000-1014,teacher1014@edmaster.com,teacher
1015,teacher15,hashed_pw,000-0000-1015,teacher1015@edmaster.com,teacher
1016,teacher16,hashed_pw,000-0000-1016,teacher1016@edmaster.com,teacher
1017,teacher17,hashed_pw,000-0000-1017,teacher1017@edmaster.com,teacher
1018,teacher18,hashed_pw,000-0000-1018,teacher1018@edmaster.com,teacher
1019,teacher19,hashed_pw,000-0000-1019,teacher1019@edmaster.com,teacher
1020,teacher20,hashed_pw,000-0000-1020,teacher1020@edmaster.com,teacher
1021,teacher21,hashed_pw,000-0000-1021,teacher1021@edmaster.com,teacher
1022,teacher22,hashed_pw,000-0000-1022,teacher1022@edmaster.com,teacher
1023,teacher23,hashed_pw,000-0000-1023,teacher1023@edmaster.com,teacher
1024,teacher24,hashed_pw,000-0000-1024,teacher1024@edmaster.com,teacher
1025,teacher25,hashed_pw,000-0000-1025,teacher1025@edmaster.com,teacher
1026,teacher26,hashed_pw,000-0000-1026,teacher1026@edmaster.com,teacher
1027,teacher27,hashed_pw,000-0000-1027,teacher1027@edmaster.com,teacher
1028,teacher28,hashed_pw,000-0000-1028,teacher1028@edmaster.com,teacher
1029,teacher29,hashed_pw,000-0000-1029,teacher1029@edmaster.com,teacher
1030,teacher30,hashed_pw,000-0000-1030,teacher1030@edmaster.com,teacher
1031,teacher31,hashed_pw,000-0000-1031,teacher1031@edmaster.com,teacher
1032,teacher32,hashed_pw,000-0000-1032,teacher1032@edmaster.com,teacher
1033,teacher33,hashed_pw,000-0000-1033,teacher1033@edmaster.com,teacher
1034,teacher34,hashed_pw,000-0000-1034,teacher1034@edmaster.com,teacher
1035,teacher35,hashed_pw,000-0000-1035,teacher1035@edmaster.com,teacher
1036,teacher36,hashed_pw,000-0000-1036,teacher1036@edmaster.com,teacher
1037,teacher37,hashed_pw,000-0000-1037,teacher1037@edmaster.com,teacher
1038,teacher38,hashed_pw,000-0000-1038,teacher1038@edmaster.com,teacher
1039,teacher39,hashed_pw,000-0000-1039,teacher1039@edmaster.com,teacher
1040,teacher40,hashed_pw,000-0000-1040,teacher1040@edmaster.com,teacher
1041,teacher41,hashed_pw,000-0000-1041,teacher1041@edmaster.com,teacher
1042,teacher42,hashed_pw,000-0000-1042,teacher1042@edmaster.com,teacher
1043,teacher43,hashed_pw,000-0000-1043,teacher1043@edmaster.com,teacher
1044,teacher44,hashed_pw,000-0000-1044,teacher1044@edmaster.com,teacher
1045,teacher45,hashed_pw,000-0000-1045,teacher1045@edmaster.com,teacher
1046,teacher46,hashed_pw,000-0000-1046,teacher1046@edmaster.com,teacher
1047,teacher47,hashed_pw,000-0000-1047,teacher1047@edmaster.com,teacher
1048,teacher48,hashed_pw,000-0000-1048,teacher1048@edmaster.com,teacher
1049,teacher49,hashed_pw,000-0000-1049,teacher1049@edmaster.com,teacher
1050,teacher50,hashed_pw,000-0000-1050,teacher1050@edmaster.com,teacher
1051,teacher51,hashed_pw,000-0000-1051,teacher1051@edmaster.com,teacher
1052,teacher52,hashed_pw,000-0000-1052,teacher1052@edmaster.com,teacher
1053,teacher53,hashed_pw,000-0000-1053,teacher1053@edmaster.com,teacher
1054,teacher54,hashed_pw,000-0000-1054,teacher1054@edmaster.com,teacher
1055,teacher55,hashed_pw,000-0000-1055,teacher1055@edmaster.com,teacher
1056,teacher56,hashed_pw,000-0000-1056,teacher1056@edmaster.com,teacher
1057,teacher57,hashed_pw,000-0000-1057,teacher1057@edmaster.com,teacher
1058,teacher58,hashed_pw,000-0000-1058,teacher1058@edmaster.com,teacher
1059,teacher59,hashed_pw,000-0000-1059,teacher1059@edmaster.com,teacher
1060,teacher60,hashed_pw,000-0000-1060,teacher1060@edmaster.com,teacher
1061,teacher61,hashed_pw,000-0000-1061,teacher1061@edmaster.com,teacher
1062,teacher62,hashed_pw,000-0000-1062,teacher1062@edmaster.com,teacher
1063,teacher63,hashed_pw,000-0000-1063,teacher1063@edmaster.com,teacher
1064,teacher64,hashed_pw,000-0000-1064,teacher1064@edmaster.com,teacher
1065,teacher65,hashed_pw,000-0000-1065,teacher1065@edmaster.com,teacher
1066,teacher66,hashed_pw,000-0000-1066,teacher1066@edmaster.com,teacher
1067,teacher67,hashed_pw,000-0000-1067,teacher1067@edmaster.com,teacher
1068,teacher68,hashed_pw,000-0000-1068,teacher1068@edmaster.com,teacher
1069,teacher69,hashed_pw,000-0000-1069,teacher1069@edmaster.com,teacher
1070,teacher70,hashed_pw,000-0000-1070,teacher1070@edmaster.com,teacher
1071,teacher71,hashed_pw,000-0000-1071,teacher1071@edmaster.com,teacher
1072,teacher72,hashed_pw,000-0000-1072,teacher1072@edmaster.com,teacher
1073,teacher73,hashed_pw,000-0000-1073,teacher1073@edmaster.com,teacher
1074,teacher74,hashed_pw,000-0000-1074,teacher1074@edmaster.com,teacher
1075,teacher75,hashed_pw,000-0000-1075,teacher1075@edmaster.com,teacher
1076,teacher76,hashed_pw,000-0000-1076,teacher1076@edmaster.com,teacher
1077,teacher77,hashed_pw,000-0000-1077,teacher1077@edmaster.com,teacher
1078,teacher78,hashed_pw,000-0000-1078,teacher1078@edmaster.com,teacher
1079,teacher79,hashed_pw,000-0000-1079,teacher1079@edmaster.com,teacher
1080,teacher80,hashed_pw,000-0000-1080,teacher1080@edmaster.com,teacher
1081,teacher81,hashed_pw,000-0000-1081,teacher1081@edmaster.com,teacher
1082,teacher82,hashed_pw,000-0000-1082,teacher1082@edmaster.com,teacher
1083,teacher83,hashed_pw,000-0000-1083,teacher1083@edmaster.com,teacher
1084,teacher84,hashed_pw,000-0000-1084,teacher1084@edmaster.com,teacher
1085,teacher85,hashed_pw,000-0000-1085,teacher1085@edmaster.com,teacher
1086,teacher86,hashed_pw,000-0000-1086,teacher1086@edmaster.com,teacher
1087,teacher87,hashed_pw,000-0000-1087,teacher1087@edmaster.com,teacher
1088,teacher88,hashed_pw,000-0000-1088,teacher1088@edmaster.com,teacher
1089,teacher89,hashed_pw,000-0000-1089,teacher1089@edmaster.com,teacher
1090,teacher90,hashed_pw,000-0000-1090,teacher1090@edmaster.com,teacher
1091,teacher91,hashed_pw,000-0000-1091,teacher1091@edmaster.com,teacher
1092,teacher92,hashed_pw,000-0000-1092,teacher1092@edmaster.com,teacher
1093,teacher93,hashed_pw,000-0000-1093,teacher1093@edmaster.com,teacher
1094,teacher94,hashed_pw,000-0000-1094,teacher1094@edmaster.com,teacher
1095,teacher95,hashed_pw,000-0000-1095,teacher1095@edmaster.com,teacher
1096,teacher96,hashed_pw,000-0000-1096,teacher1096@edmaster.com,teacher
1097,teacher97,hashed_pw,000-0000-1097,teacher1097@edmaster.com,teacher
1098,teacher98,hashed_pw,000-0000-1098,teacher1098@edmaster.com,teacher
1099,teacher99,hashed_pw,000-0000-1099,teacher1099@edmaster.com,teacher
1100,teacher100,hashed_pw,000-0000-1100,teacher1100@edmaster.com,teacher
1101,teacher101,hashed_pw,000-0000-1101,teacher1101@edmaster.com,teacher
1102,teacher102,hashed_pw,000-0000-1102,teacher1102@edmaster.com,teacher
1103,teacher103,hashed_pw,000-0000-1103,teacher1103@edmaster.com,teacher
1104,teacher104,hashed_pw,000-0000-1104,teacher1104@edmaster.com,teacher
1105,teacher105,hashed_pw,000-0000-1105,teacher1105@edmaster.com,teacher
1106,teacher106,hashed_pw,000-0000-1106,teacher1106@edmaster.com,teacher
1107,teacher107,hashed_pw,000-0000-1107,teacher1107@edmaster.com,teacher
1108,teacher108,hashed_pw,000-0000-1108,teacher1108@edmaster.com,teacher
1109,teacher109,hashed_pw,000-0000-1109,teacher1109@edmaster.com,teacher
1110,teacher110,hashed_pw,000-0000-1110,teacher1110@edmaster.com,teacher
1111,teacher111,hashed_pw,000-0000-1111,teacher1111@edmaster.com,teacher
1112,teacher112,hashed_pw,000-0000-1112,teacher1112@edmaster.com,teacher
1113,teacher113,hashed_pw,000-0000-1113,teacher1113@edmaster.com,teacher
1114,teacher114,hashed_pw,000-0000-1114,teacher1114@edmaster.com,teacher
1115,teacher115,hashed_pw,000-0000-1115,teacher1115@edmaster.com,teacher
1116,teacher116,hashed_pw,000-0000-1116,teacher1116@edmaster.com,teacher
1117,teacher117,hashed_pw,000-0000-1117,teacher1117@edmaster.com,teacher
1118,teacher118,hashed_pw,000-0000-1118,teacher1118@edmaster.com,teacher
1119,teacher119,hashed_pw,000-0000-1119,teacher1119@edmaster.com,teacher
1120,teacher120,hashed_pw,000-0000-1120,teacher1120@edmaster.com,teacher
1121,teacher121,hashed_pw,000-0000-1121,teacher1121@edmaster.com,teacher
1122,teacher122,hashed_pw,000-0000-1122,teacher1122@edmaster.com,teacher
1123,teacher123,hashed_pw,000-0000-1123,teacher1123@edmaster.com,teacher
1124,teacher124,hashed_pw,000-0000-1124,teacher1124@edmaster.com,teacher
1125,teacher125,hashed_pw,000-0000-1125,teacher1125@edmaster.com,teacher
1126,teacher126,hashed_pw,000-0000-1126,teacher1126@edmaster.com,teacher
1127,teacher127,hashed_pw,000-0000-1127,teacher1127@edmaster.com,teacher
1128,teacher128,hashed_pw,000-0000-1128,teacher1128@edmaster.com,teacher
1129,teacher129,hashed_pw,000-0000-1129,teacher1129@edmaster.com,teacher
1130,teacher130,hashed_pw,000-0000-1130,teacher1130@edmaster.com,teacher
1131,teacher131,hashed_pw,000-0000-1131,teacher1131@edmaster.com,teacher
1132,teacher132,hashed_pw,000-0000-1132,teacher1132@edmaster.com,teacher
1133,teacher133,hashed_pw,000-0000-1133,teacher1133@edmaster.com,teacher
1134,teacher134,hashed_pw,000-0000-1134,teacher1134@edmaster.com,teacher
1135,teacher135,hashed_pw,000-0000-1135,teacher1135@edmaster.com,teacher
1136,teacher136,hashed_pw,000-0000-1136,teacher1136@edmaster.com,teacher
1137,teacher137,hashed_pw,000-0000-1137,teacher1137@edmaster.com,teacher
1138,teacher138,hashed_pw,000-0000-1138,teacher1138@edmaster.com,teacher
1139,teacher139,hashed_pw,000-0000-1139,teacher1139@edmaster.com,teacher
1140,teacher140,hashed_pw,000-0000-1140,teacher1140@edmaster.com,teacher
1141,teacher141,hashed_pw,000-0000-1141,teacher1141@edmaster.com,teacher
1142,teacher142,hashed_pw,000-0000-1142,teacher1142@edmaster.com,teacher
1143,teacher143,hashed_pw,000-0000-1143,teacher1143@edmaster.com,teacher
1144,teacher144,hashed_pw,000-0000-1144,teacher1144@edmaster.com,teacher
1145,teacher145,hashed_pw,000-0000-1145,teacher1145@edmaster.com,teacher
1146,teacher146,hashed_pw,000-0000-1146,teacher1146@edmaster.com,teacher
1147,teacher147,hashed_pw,000-0000-1147,teacher1147@edmaster.com,teacher
1148,teacher148,hashed_pw,000-0000-1148,teacher1148@edmaster.com,teacher
1149,teacher149,hashed_pw,000-0000-1149,teacher1149@edmaster.com,teacher
1150,teacher150,hashed_pw,000-0000-1150,teacher1150@edmaster.com,teacher
1151,teacher151,hashed_pw,000-0000-1151,teacher1151@edmaster.com,teacher
1152,teacher152,hashed_pw,000-0000-1152,teacher1152@edmaster.com,teacher
1153,teacher153,hashed_pw,000-0000-1153,teacher1153@edmaster.com,teacher
1154,teacher154,hashed_pw,000-0000-1154,teacher1154@edmaster.com,teacher
1155,teacher155,hashed_pw,000-0000-1155,teacher1155@edmaster.com,teacher
1156,teacher156,hashed_pw,000-0000-1156,teacher1156@edmaster.com,teacher
1157,teacher157,hashed_pw,000-0000-1157,teacher1157@edmaster.com,teacher
1158,teacher158,hashed_pw,000-0000-1158,teacher1158@edmaster.com,teacher
1159,teacher159,hashed_pw,000-0000-1159,teacher1159@edmaster.com,teacher
1160,teacher160,hashed_pw,000-0000-1160,teacher1160@edmaster.com,teacher
1161,teacher161,hashed_pw,000-0000-1161,teacher1161@edmaster.com,teacher
1162,teacher162,hashed_pw,000-0000-1162,teacher1162@edmaster.com,teacher
1163,teacher163,hashed_pw,000-0000-1163,teacher1163@edmaster.com,teacher
1164,teacher164,hashed_pw,000-0000-1164,teacher1164@edmaster.com,teacher
1165,teacher165,hashed_pw,000-0000-1165,teacher1165@edmaster.com,teacher
1166,teacher166,hashed_pw,000-0000-1166,teacher1166@edmaster.com,teacher
1167,teacher167,hashed_pw,000-0000-1167,teacher1167@edmaster.com,teacher
1168,teacher168,hashed_pw,000-0000-1168,teacher1168@edmaster.com,teacher
1169,teacher169,hashed_pw,000-0000-1169,teacher1169@edmaster.com,teacher
1170,teacher170,hashed_pw,000-0000-1170,teacher1170@edmaster.com,teacher
1171,teacher171,hashed_pw,000-0000-1171,teacher1171@edmaster.com,teacher
1172,teacher172,hashed_pw,000-0000-1172,teacher1172@edmaster.com,teacher
1173,teacher173,hashed_pw,000-0000-1173,teacher1173@edmaster.com,teacher
1174,teacher174,hashed_pw,000-0000-1174,teacher1174@edmaster.com,teacher
1175,teacher175,hashed_pw,000-0000-1175,teacher1175@edmaster.com,teacher
1176,teacher176,hashed_pw,000-0000-1176,teacher1176@edmaster.com,teacher
1177,teacher177,hashed_pw,000-0000-1177,teacher1177@edmaster.com,teacher
1178,teacher178,hashed_pw,000-0000-1178,teacher1178@edmaster.com,teacher
1179,teacher179,hashed_pw,000-0000-1179,teacher1179@edmaster.com,teacher
1180,teacher180,hashed_pw,000-0000-1180,teacher1180@edmaster.com,teacher
1181,teacher181,hashed_pw,000-0000-1181,teacher1181@edmaster.com,teacher
1182,teacher182,hashed_pw,000-0000-1182,teacher1182@edmaster.com,teacher
1183,teacher183,hashed_pw,000-0000-1183,teacher1183@edmaster.com,teacher
1184,teacher184,hashed_pw,000-0000-1184,teacher1184@edmaster.com,teacher
1185,teacher185,hashed_pw,000-0000-1185,teacher1185@edmaster.com,teacher
1186,teacher186,hashed_pw,000-0000-1186,teacher1186@edmaster.com,teacher
1187,teacher187,hashed_pw,000-0000-1187,teacher1187@edmaster.com,teacher
1188,teacher188,hashed_pw,000-0000-1188,teacher1188@edmaster.com,teacher
1189,teacher189,hashed_pw,000-0000-1189,teacher1189@edmaster.com,teacher
1190,teacher190,hashed_pw,000-0000-1190,teacher1190@edmaster.com,teacher
1191,teacher191,hashed_pw,000-0000-1191,teacher1191@edmaster.com,teacher
1192,teacher192,hashed_pw,000-0000-1192,teacher1192@edmaster.com,teacher
1193,teacher193,hashed_pw,000-0000-1193,teacher1193@edmaster.com,teacher
1194,teacher194,hashed_pw,000-0000-1194,teacher1194@edmaster.com,teacher
1195,teacher195,hashed_pw,000-0000-1195,teacher1195@edmaster.com,teacher
1196,teacher196,hashed_pw,000-0000-1196,teacher1196@edmaster.com,teacher
1197,teacher197,hashed_pw,000-0000-1197,teacher1197@edmaster.com,teacher
1198,teacher198,hashed_pw,000-0000-1198,teacher1198@edmaster.com,teacher
1199,teacher199,hashed_pw,000-0000-1199,teacher1199@edmaster.com,teacher
1200,teacher200,hashed_pw,000-0000-1200,teacher1200@edmaster.com,teacher
1201,teacher201,hashed_pw,000-0000-1201,teacher1201@edmaster.com,teacher
1202,teacher202,hashed_pw,000-0000-1202,teacher1202@edmaster.com,teacher
1203,teacher203,hashed_pw,000-0000-1203,teacher1203@edmaster.com,teacher
1204,teacher204,hashed_pw,000-0000-1204,teacher1204@edmaster.com,teacher
1205,teacher205,hashed_pw,000-0000-1205,teacher1205@edmaster.com,teacher
1206,teacher206,hashed_pw,000-0000-1206,teacher1206@edmaster.com,teacher
1207,teacher207,hashed_pw,000-0000-1207,teacher1207@edmaster.com,teacher
1208,teacher208,hashed_pw,000-0000-1208,teacher1208@edmaster.com,teacher
1209,teacher209,hashed_pw,000-0000-1209,teacher1209@edmaster.com,teacher
1210,teacher210,hashed_pw,000-0000-1210,teacher1210@edmaster.com,teacher
1211,teacher211,hashed_pw,000-0000-1211,teacher1211@edmaster.com,teacher
1212,teacher212,hashed_pw,000-0000-1212,teacher1212@edmaster.com,teacher
1213,teacher213,hashed_pw,000-0000-1213,teacher1213@edmaster.com,teacher
1214,teacher214,hashed_pw,000-0000-1214,teacher1214@edmaster.com,teacher
1215,teacher215,hashed_pw,000-0000-1215,teacher1215@edmaster.com,teacher
1216,teacher216,hashed_pw,000-0000-1216,teacher1216@edmaster.com,teacher
1217,teacher217,hashed_pw,000-0000-1217,teacher1217@edmaster.com,teacher
1218,teacher218,hashed_pw,000-0000-1218,teacher1218@edmaster.com,teacher
1219,teacher219,hashed_pw,000-0000-1219,teacher1219@edmaster.com,teacher
1220,teacher220,hashed_pw,000-0000-1220,teacher1220@edmaster.com,teacher
1221,teacher221,hashed_pw,000-0000-1221,teacher1221@edmaster.com,teacher
1222,teacher222,hashed_pw,000-0000-1222,teacher1222@edmaster.com,teacher
1223,teacher223,hashed_pw,000-0000-1223,teacher1223@edmaster.com,teacher
1224,teacher224,hashed_pw,000-0000-1224,teacher1224@edmaster.com,teacher
1225,teacher225,hashed_pw,000-0000-1225,teacher1225@edmaster.com,teacher
1226,teacher226,hashed_pw,000-0000-1226,teacher1226@edmaster.com,teacher
1227,teacher227,hashed_pw,000-0000-1227,teacher1227@edmaster.com,teacher
1228,teacher228,hashed_pw,000-0000-1228,teacher1228@edmaster.com,teacher
1229,teacher229,hashed_pw,000-0000-1229,teacher1229@edmaster.com,teacher
1230,teacher230,hashed_pw,000-0000-1230,teacher1230@edmaster.com,teacher
1231,teacher231,hashed_pw,000-0000-1231,teacher1231@edmaster.com,teacher
1232,teacher232,hashed_pw,000-0000-1232,teacher1232@edmaster.com,teacher
1233,teacher233,hashed_pw,000-0000-1233,teacher1233@edmaster.com,teacher
1234,teacher234,hashed_pw,000-0000-1234,teacher1234@edmaster.com,teacher
1235,teacher235,hashed_pw,000-0000-1235,teacher1235@edmaster.com,teacher
1236,teacher236,hashed_pw,000-0000-1236,teacher1236@edmaster.com,teacher
1237,teacher237,hashed_pw,000-0000-1237,teacher1237@edmaster.com,teacher
1238,teacher238,hashed_pw,000-0000-1238,teacher1238@edmaster.com,teacher
1239,teacher239,hashed_pw,000-0000-1239,teacher1239@edmaster.com,teacher
1240,teacher240,hashed_pw,000-0000-1240,teacher1240@edmaster.com,teacher
1241,teacher241,hashed_pw,000-0000-1241,teacher1241@edmaster.com,teacher
1242,teacher242,hashed_pw,000-0000-1242,teacher1242@edmaster.com,teacher
1243,teacher243,hashed_pw,000-0000-1243,teacher1243@edmaster.com,teacher
1244,teacher244,hashed_pw,000-0000-1244,teacher1244@edmaster.com,teacher
1245,teacher245,hashed_pw,000-0000-1245,teacher1245@edmaster.com,teacher
1246,teacher246,hashed_pw,000-0000-1246,teacher1246@edmaster.com,teacher
1247,teacher247,hashed_pw,000-0000-1247,teacher1247@edmaster.com,teacher
1248,teacher248,hashed_pw,000-0000-1248,teacher1248@edmaster.com,teacher
1249,teacher249,hashed_pw,000-0000-1249,teacher1249@edmaster.com,teacher
1250,teacher250,hashed_pw,000-0000-1250,teacher1250@edmaster.com,teacher
1251,teacher251,hashed_pw,000-0000-1251,teacher1251@edmaster.com,teacher
1252,teacher252,hashed_pw,000-0000-1252,teacher1252@edmaster.com,teacher
1253,teacher253,hashed_pw,000-0000-1253,teacher1253@edmaster.com,teacher
1254,teacher254,hashed_pw,000-0000-1254,teacher1254@edmaster.com,teacher
1255,teacher255,hashed_pw,000-0000-1255,teacher1255@edmaster.com,teacher
1256,teacher256,hashed_pw,000-0000-1256,teacher1256@edmaster.com,teacher
1257,teacher257,hashed_pw,000-0000-1257,teacher1257@edmaster.com,teacher
1258,teacher258,hashed_pw,000-0000-1258,teacher1258@edmaster.com,teacher
1259,teacher259,hashed_pw,000-0000-1259,teacher1259@edmaster.com,teacher
1260,teacher260,hashed_pw,000-0000-1260,teacher1260@edmaster.com,teacher
1261,teacher261,hashed_pw,000-0000-1261,teacher1261@edmaster.com,teacher
1262,teacher262,hashed_pw,000-0000-1262,teacher1262@edmaster.com,teacher
1263,teacher263,hashed_pw,000-0000-1263,teacher1263@edmaster.com,teacher
1264,teacher264,hashed_pw,000-0000-1264,teacher1264@edmaster.com,teacher
1265,teacher265,hashed_pw,000-0000-1265,teacher1265@edmaster.com,teacher
1266,teacher266,hashed_pw,000-0000-1266,teacher1266@edmaster.com,teacher
1267,teacher267,hashed_pw,000-0000-1267,teacher1267@edmaster.com,teacher
1268,teacher268,hashed_pw,000-0000-1268,teacher1268@edmaster.com,teacher
1269,teacher269,hashed_pw,000-0000-1269,teacher1269@edmaster.com,teacher
1270,teacher270,hashed_pw,000-0000-1270,teacher1270@edmaster.com,teacher
1271,teacher271,hashed_pw,000-0000-1271,teacher1271@edmaster.com,teacher
1272,teacher272,hashed_pw,000-0000-1272,teacher1272@edmaster.com,teacher
1273,teacher273,hashed_pw,000-0000-1273,teacher1273@edmaster.com,teacher
1274,teacher274,hashed_pw,000-0000-1274,teacher1274@edmaster.com,teacher
1275,teacher275,hashed_pw,000-0000-1275,teacher1275@edmaster.com,teacher
1276,teacher276,hashed_pw,000-0000-1276,teacher1276@edmaster.com,teacher
1277,teacher277,hashed_pw,000-0000-1277,teacher1277@edmaster.com,teacher
1278,teacher278,hashed_pw,000-0000-1278,teacher1278@edmaster.com,teacher
1279,teacher279,hashed_pw,000-0000-1279,teacher1279@edmaster.com,teacher
1280,teacher280,hashed_pw,000-0000-1280,teacher1280@edmaster.com,teacher
1281,teacher281,hashed_pw,000-0000-1281,teacher1281@edmaster.com,teacher
1282,teacher282,hashed_pw,000-0000-1282,teacher1282@edmaster.com,teacher
1283,teacher283,hashed_pw,000-0000-1283,teacher1283@edmaster.com,teacher
1284,teacher284,hashed_pw,000-0000-1284,teacher1284@edmaster.com,teacher
1285,teacher285,hashed_pw,000-0000-1285,teacher1285@edmaster.com,teacher
1286,teacher286,hashed_pw,000-0000-1286,teacher1286@edmaster.com,teacher
1287,teacher287,hashed_pw,000-0000-1287,teacher1287@edmaster.com,teacher
1288,teacher288,hashed_pw,000-0000-1288,teacher1288@edmaster.com,teacher
1289,teacher289,hashed_pw,000-0000-1289,teacher1289@edmaster.com,teacher
1290,teacher290,hashed_pw,000-0000-1290,teacher1290@edmaster.com,teacher
1291,teacher291,hashed_pw,000-0000-1291,teacher1291@edmaster.com,teacher
1292,teacher292,hashed_pw,000-0000-1292,teacher1292@edmaster.com,teacher
1293,teacher293,hashed_pw,000-0000-1293,teacher1293@edmaster.com,teacher
1294,teacher294,hashed_pw,000-0000-1294,teacher1294@edmaster.com,teacher
1295,teacher295,hashed_pw,000-0000-1295,teacher1295@edmaster.com,teacher
1296,teacher296,hashed_pw,000-0000-1296,teacher1296@edmaster.com,teacher
1297,teacher297,hashed_pw,000-0000-1297,teacher1297@edmaster.com,teacher
1298,teacher298,hashed_pw,000-0000-1298,teacher1298@edmaster.com,teacher
1299,teacher299,hashed_pw,000-0000-1299,teacher1299@edmaster.com,teacher
1300,teacher300,hashed_pw,000-0000-1300,teacher1300@edmaster.com,teacher
1301,teacher301,hashed_pw,000-0000-1301,teacher1301@edmaster.com,teacher
1302,teacher302,hashed_pw,000-0000-1302,teacher1302@edmaster.com,teacher
1303,teacher303,hashed_pw,000-0000-1303,teacher1303@edmaster.com,teacher
1304,teacher304,hashed_pw,000-0000-1304,teacher1304@edmaster.com,teacher
1305,teacher305,hashed_pw,000-0000-1305,teacher1305@edmaster.com,teacher
1306,teacher306,hashed_pw,000-0000-1306,teacher1306@edmaster.com,teacher
1307,teacher307,hashed_pw,000-0000-1307,teacher1307@edmaster.com,teacher
1308,teacher308,hashed_pw,000-0000-1308,teacher1308@edmaster.com,teacher
1309,teacher309,hashed_pw,000-0000-1309,teacher1309@edmaster.com,teacher
1310,teacher310,hashed_pw,000-0000-1310,teacher1310@edmaster.com,teacher
1311,teacher311,hashed_pw,000-0000-1311,teacher1311@edmaster.com,teacher
1312,teacher312,hashed_pw,000-0000-1312,teacher1312@edmaster.com,teacher
1313,teacher313,hashed_pw,000-0000-1313,teacher1313@edmaster.com,teacher
1314,teacher314,hashed_pw,000-0000-1314,teacher1314@edmaster.com,teacher
1315,teacher315,hashed_pw,000-0000-1315,teacher1315@edmaster.com,teacher
1316,teacher316,hashed_pw,000-0000-1316,teacher1316@edmaster.com,teacher
1317,teacher317,hashed_pw,000-0000-1317,teacher1317@edmaster.com,teacher
1318,teacher318,hashed_pw,000-0000-1318,teacher1318@edmaster.com,teacher
1319,teacher319,hashed_pw,000-0000-1319,teacher1319@edmaster.com,teacher
1320,teacher320,hashed_pw,000-0000-1320,teacher1320@edmaster.com,teacher
1321,teacher321,hashed_pw,000-0000-1321,teacher1321@edmaster.com,teacher
1322,teacher322,hashed_pw,000-0000-1322,teacher1322@edmaster.com,teacher
1323,teacher323,hashed_pw,000-0000-1323,teacher1323@edmaster.com,teacher
1324,teacher324,hashed_pw,000-0000-1324,teacher1324@edmaster.com,teacher
1325,teacher325,hashed_pw,000-0000-1325,teacher1325@edmaster.com,teacher
1326,teacher326,hashed_pw,000-0000-1326,teacher1326@edmaster.com,teacher
1327,teacher327,hashed_pw,000-0000-1327,teacher1327@edmaster.com,teacher
1328,teacher328,hashed_pw,000-0000-1328,teacher1328@edmaster.com,teacher
1329,teacher329,hashed_pw,000-0000-1329,teacher1329@edmaster.com,teacher
1330,teacher330,hashed_pw,000-0000-1330,teacher1330@edmaster.com,teacher
1331,teacher331,hashed_pw,000-0000-1331,teacher1331@edmaster.com,teacher
1332,teacher332,hashed_pw,000-0000-1332,teacher1332@edmaster.com,teacher
1333,teacher333,hashed_pw,000-0000-1333,teacher1333@edmaster.com,teacher
1334,teacher334,hashed_pw,000-0000-1334,teacher1334@edmaster.com,teacher
1335,teacher335,hashed_pw,000-0000-1335,teacher1335@edmaster.com,teacher
1336,teacher336,hashed_pw,000-0000-1336,teacher1336@edmaster.com,teacher
1337,teacher337,hashed_pw,000-0000-1337,teacher1337@edmaster.com,teacher
1338,teacher338,hashed_pw,000-0000-1338,teacher1338@edmaster.com,teacher
1339,teacher339,hashed_pw,000-0000-1339,teacher1339@edmaster.com,teacher
1340,teacher340,hashed_pw,000-0000-1340,teacher1340@edmaster.com,teacher
1341,teacher341,hashed_pw,000-0000-1341,teacher1341@edmaster.com,teacher
1342,teacher342,hashed_pw,000-0000-1342,teacher1342@edmaster.com,teacher
1343,teacher343,hashed_pw,000-0000-1343,teacher1343@edmaster.com,teacher
1344,teacher344,hashed_pw,000-0000-1344,teacher1344@edmaster.com,teacher
1345,teacher345,hashed_pw,000-0000-1345,teacher1345@edmaster.com,teacher
1346,teacher346,hashed_pw,000-0000-1346,teacher1346@edmaster.com,teacher
1347,teacher347,hashed_pw,000-0000-1347,teacher1347@edmaster.com,teacher
1348,teacher348,hashed_pw,000-0000-1348,teacher1348@edmaster.com,teacher
1349,teacher349,hashed_pw,000-0000-1349,teacher1349@edmaster.com,teacher
1350,teacher350,hashed_pw,000-0000-1350,teacher1350@edmaster.com,teacher
1351,teacher351,hashed_pw,000-0000-1351,teacher1351@edmaster.com,teacher
1352,teacher352,hashed_pw,000-0000-1352,teacher1352@edmaster.com,teacher
1353,teacher353,hashed_pw,000-0000-1353,teacher1353@edmaster.com,teacher
1354,teacher354,hashed_pw,000-0000-1354,teacher1354@edmaster.com,teacher
1355,teacher355,hashed_pw,000-0000-1355,teacher1355@edmaster.com,teacher
1356,teacher356,hashed_pw,000-0000-1356,teacher1356@edmaster.com,teacher
1357,teacher357,hashed_pw,000-0000-1357,teacher1357@edmaster.com,teacher
1358,teacher358,hashed_pw,000-0000-1358,teacher1358@edmaster.com,teacher
1359,teacher359,hashed_pw,000-0000-1359,teacher1359@edmaster.com,teacher
1360,teacher360,hashed_pw,000-0000-1360,teacher1360@edmaster.com,teacher
1361,teacher361,hashed_pw,000-0000-1361,teacher1361@edmaster.com,teacher
1362,teacher362,hashed_pw,000-0000-1362,teacher1362@edmaster.com,teacher
1363,teacher363,hashed_pw,000-0000-1363,teacher1363@edmaster.com,teacher
1364,teacher364,hashed_pw,000-0000-1364,teacher1364@edmaster.com,teacher
1365,teacher365,hashed_pw,000-0000-1365,teacher1365@edmaster.com,teacher
1366,teacher366,hashed_pw,000-0000-1366,teacher1366@edmaster.com,teacher
1367,teacher367,hashed_pw,000-0000-1367,teacher1367@edmaster.com,teacher
1368,teacher368,hashed_pw,000-0000-1368,teacher1368@edmaster.com,teacher
1369,teacher369,hashed_pw,000-0000-1369,teacher1369@edmaster.com,teacher
1370,teacher370,hashed_pw,000-0000-1370,teacher1370@edmaster.com,teacher
1371,teacher371,hashed_pw,000-0000-1371,teacher1371@edmaster.com,teacher
1372,teacher372,hashed_pw,000-0000-1372,teacher1372@edmaster.com,teacher
1373,teacher373,hashed_pw,000-0000-1373,teacher1373@edmaster.com,teacher
1374,teacher374,hashed_pw,000-0000-1374,teacher1374@edmaster.com,teacher
1375,teacher375,hashed_pw,000-0000-1375,teacher1375@edmaster.com,teacher
1376,teacher376,hashed_pw,000-0000-1376,teacher1376@edmaster.com,teacher
1377,teacher377,hashed_pw,000-0000-1377,teacher1377@edmaster.com,teacher
1378,teacher378,hashed_pw,000-0000-1378,teacher1378@edmaster.com,teacher
1379,teacher379,hashed_pw,000-0000-1379,teacher1379@edmaster.com,teacher
1380,teacher380,hashed_pw,000-0000-1380,teacher1380@edmaster.com,teacher
1381,teacher381,hashed_pw,000-0000-1381,teacher1381@edmaster.com,teacher
1382,teacher382,hashed_pw,000-0000-1382,teacher1382@edmaster.com,teacher
1383,teacher383,hashed_pw,000-0000-1383,teacher1383@edmaster.com,teacher
1384,teacher384,hashed_pw,000-0000-1384,teacher1384@edmaster.com,teacher
1385,teacher385,hashed_pw,000-0000-1385,teacher1385@edmaster.com,teacher
1386,teacher386,hashed_pw,000-0000-1386,teacher1386@edmaster.com,teacher
1387,teacher387,hashed_pw,000-0000-1387,teacher1387@edmaster.com,teacher
1388,teacher388,hashed_pw,000-0000-1388,teacher1388@edmaster.com,teacher
1389,teacher389,hashed_pw,000-0000-1389,teacher1389@edmaster.com,teacher
1390,teacher390,hashed_pw,000-0000-1390,teacher1390@edmaster.com,teacher
1391,teacher391,hashed_pw,000-0000-1391,teacher1391@edmaster.com,teacher
1392,teacher392,hashed_pw,000-0000-1392,teacher1392@edmaster.com,teacher
1393,teacher393,hashed_pw,000-0000-1393,teacher1393@edmaster.com,teacher
1394,teacher394,hashed_pw,000-0000-1394,teacher1394@edmaster.com,teacher
1395,teacher395,hashed_pw,000-0000-1395,teacher1395@edmaster.com,teacher
1396,teacher396,hashed_pw,000-0000-1396,teacher1396@edmaster.com,teacher
1397,teacher397,hashed_pw,000-0000-1397,teacher1397@edmaster.com,teacher
1398,teacher398,hashed_pw,000-0000-1398,teacher1398@edmaster.com,teacher
1399,teacher399,hashed_pw,000-0000-1399,teacher1399@edmaster.com,teacher
1400,teacher400,hashed_pw,000-0000-1400,teacher1400@edmaster.com,teacher
1401,teacher401,hashed_pw,000-0000-1401,teacher1401@edmaster.com,teacher
1402,teacher402,hashed_pw,000-0000-1402,teacher1402@edmaster.com,teacher
1403,teacher403,hashed_pw,000-0000-1403,teacher1403@edmaster.com,teacher
1404,teacher404,hashed_pw,000-0000-1404,teacher1404@edmaster.com,teacher
1405,teacher405,hashed_pw,000-0000-1405,teacher1405@edmaster.com,teacher
1406,teacher406,hashed_pw,000-0000-1406,teacher1406@edmaster.com,teacher
1407,teacher407,hashed_pw,000-0000-1407,teacher1407@edmaster.com,teacher
1408,teacher408,hashed_pw,000-0000-1408,teacher1408@edmaster.com,teacher
1409,teacher409,hashed_pw,000-0000-1409,teacher1409@edmaster.com,teacher
1410,teacher410,hashed_pw,000-0000-1410,teacher1410@edmaster.com,teacher
1411,teacher411,hashed_pw,000-0000-1411,teacher1411@edmaster.com,teacher
1412,teacher412,hashed_pw,000-0000-1412,teacher1412@edmaster.com,teacher
1413,teacher413,hashed_pw,000-0000-1413,teacher1413@edmaster.com,teacher
1414,teacher414,hashed_pw,000-0000-1414,teacher1414@edmaster.com,teacher
1415,teacher415,hashed_pw,000-0000-1415,teacher1415@edmaster.com,teacher
1416,teacher416,hashed_pw,000-0000-1416,teacher1416@edmaster.com,teacher
1417,teacher417,hashed_pw,000-0000-1417,teacher1417@edmaster.com,teacher
1418,teacher418,hashed_pw,000-0000-1418,teacher1418@edmaster.com,teacher
1419,teacher419,hashed_pw,000-0000-1419,teacher1419@edmaster.com,teacher
1420,teacher420,hashed_pw,000-0000-1420,teacher1420@edmaster.com,teacher
1421,teacher421,hashed_pw,000-0000-1421,teacher1421@edmaster.com,teacher
1422,teacher422,hashed_pw,000-0000-1422,teacher1422@edmaster.com,teacher
1423,teacher423,hashed_pw,000-0000-1423,teacher1423@edmaster.com,teacher
1424,teacher424,hashed_pw,000-0000-1424,teacher1424@edmaster.com,teacher
1425,teacher425,hashed_pw,000-0000-1425,teacher1425@edmaster.com,teacher
1426,teacher426,hashed_pw,000-0000-1426,teacher1426@edmaster.com,teacher
1427,teacher427,hashed_pw,000-0000-1427,teacher1427@edmaster.com,teacher
1428,teacher428,hashed_pw,000-0000-1428,teacher1428@edmaster.com,teacher
1429,teacher429,hashed_pw,000-0000-1429,teacher1429@edmaster.com,teacher
1430,teacher430,hashed_pw,000-0000-1430,teacher1430@edmaster.com,teacher
1431,teacher431,hashed_pw,000-0000-1431,teacher1431@edmaster.com,teacher
1432,teacher432,hashed_pw,000-0000-1432,teacher1432@edmaster.com,teacher
1433,teacher433,hashed_pw,000-0000-1433,teacher1433@edmaster.com,teacher
1434,teacher434,hashed_pw,000-0000-1434,teacher1434@edmaster.com,teacher
1435,teacher435,hashed_pw,000-0000-1435,teacher1435@edmaster.com,teacher
1436,teacher436,hashed_pw,000-0000-1436,teacher1436@edmaster.com,teacher
1437,teacher437,hashed_pw,000-0000-1437,teacher1437@edmaster.com,teacher
1438,teacher438,hashed_pw,000-0000-1438,teacher1438@edmaster.com,teacher
1439,teacher439,hashed_pw,000-0000-1439,teacher1439@edmaster.com,teacher
1440,teacher440,hashed_pw,000-0000-1440,teacher1440@edmaster.com,teacher
1441,teacher441,hashed_pw,000-0000-1441,teacher1441@edmaster.com,teacher
1442,teacher442,hashed_pw,000-0000-1442,teacher1442@edmaster.com,teacher
1443,teacher443,hashed_pw,000-0000-1443,teacher1443@edmaster.com,teacher
1444,teacher444,hashed_pw,000-0000-1444,teacher1444@edmaster.com,teacher
1445,teacher445,hashed_pw,000-0000-1445,teacher1445@edmaster.com,teacher
1446,teacher446,hashed_pw,000-0000-1446,teacher1446@edmaster.com,teacher
1447,teacher447,hashed_pw,000-0000-1447,teacher1447@edmaster.com,teacher
1448,teacher448,hashed_pw,000-0000-1448,teacher1448@edmaster.com,teacher
1449,teacher449,hashed_pw,000-0000-1449,teacher1449@edmaster.com,teacher
1450,teacher450,hashed_pw,000-0000-1450,teacher1450@edmaster.com,teacher
1451,teacher451,hashed_pw,000-0000-1451,teacher1451@edmaster.com,teacher
1452,teacher452,hashed_pw,000-0000-1452,teacher1452@edmaster.com,teacher
1453,teacher453,hashed_pw,000-0000-1453,teacher1453@edmaster.com,teacher
1454,teacher454,hashed_pw,000-0000-1454,teacher1454@edmaster.com,teacher
1455,teacher455,hashed_pw,000-0000-1455,teacher1455@edmaster.com,teacher
1456,teacher456,hashed_pw,000-0000-1456,teacher1456@edmaster.com,teacher
1457,teacher457,hashed_pw,000-0000-1457,teacher1457@edmaster.com,teacher
1458,teacher458,hashed_pw,000-0000-1458,teacher1458@edmaster.com,teacher
1459,teacher459,hashed_pw,000-0000-1459,teacher1459@edmaster.com,teacher
1460,teacher460,hashed_pw,000-0000-1460,teacher1460@edmaster.com,teacher
1461,teacher461,hashed_pw,000-0000-1461,teacher1461@edmaster.com,teacher
1462,teacher462,hashed_pw,000-0000-1462,teacher1462@edmaster.com,teacher
1463,teacher463,hashed_pw,000-0000-1463,teacher1463@edmaster.com,teacher
1464,teacher464,hashed_pw,000-0000-1464,teacher1464@edmaster.com,teacher
1465,teacher465,hashed_pw,000-0000-1465,teacher1465@edmaster.com,teacher
1466,teacher466,hashed_pw,000-0000-1466,teacher1466@edmaster.com,teacher
1467,teacher467,hashed_pw,000-0000-1467,teacher1467@edmaster.com,teacher
1468,teacher468,hashed_pw,000-0000-1468,teacher1468@edmaster.com,teacher
1469,teacher469,hashed_pw,000-0000-1469,teacher1469@edmaster.com,teacher
1470,teacher470,hashed_pw,000-0000-1470,teacher1470@edmaster.com,teacher
1471,teacher471,hashed_pw,000-0000-1471,teacher1471@edmaster.com,teacher
1472,teacher472,hashed_pw,000-0000-1472,teacher1472@edmaster.com,teacher
1473,teacher473,hashed_pw,000-0000-1473,teacher1473@edmaster.com,teacher
1474,teacher474,hashed_pw,000-0000-1474,teacher1474@edmaster.com,teacher
1475,teacher475,hashed_pw,000-0000-1475,teacher1475@edmaster.com,teacher
1476,teacher476,hashed_pw,000-0000-1476,teacher1476@edmaster.com,teacher
1477,teacher477,hashed_pw,000-0000-1477,teacher1477@edmaster.com,teacher
1478,teacher478,hashed_pw,000-0000-1478,teacher1478@edmaster.com,teacher
1479,teacher479,hashed_pw,000-0000-1479,teacher1479@edmaster.com,teacher
1480,teacher480,hashed_pw,000-0000-1480,teacher1480@edmaster.com,teacher
1481,teacher481,hashed_pw,000-0000-1481,teacher1481@edmaster.com,teacher
1482,teacher482,hashed_pw,000-0000-1482,teacher1482@edmaster.com,teacher
1483,teacher483,hashed_pw,000-0000-1483,teacher1483@edmaster.com,teacher
1484,teacher484,hashed_pw,000-0000-1484,teacher1484@edmaster.com,teacher
1485,teacher485,hashed_pw,000-0000-1485,teacher1485@edmaster.com,teacher
1486,teacher486,hashed_pw,000-0000-1486,teacher1486@edmaster.com,teacher
1487,teacher487,hashed_pw,000-0000-1487,teacher1487@edmaster.com,teacher
1488,teacher488,hashed_pw,000-0000-1488,teacher1488@edmaster.com,teacher
1489,teacher489,hashed_pw,000-0000-1489,teacher1489@edmaster.com,teacher
1490,teacher490,hashed_pw,000-0000-1490,teacher1490@edmaster.com,teacher
1491,teacher491,hashed_pw,000-0000-1491,teacher1491@edmaster.com,teacher
1492,teacher492,hashed_pw,000-0000-1492,teacher1492@edmaster.com,teacher
1493,teacher493,hashed_pw,000-0000-1493,teacher1493@edmaster.com,teacher
1494,teacher494,hashed_pw,000-0000-1494,teacher1494@edmaster.com,teacher
1495,teacher495,hashed_pw,000-0000-1495,teacher1495@edmaster.com,teacher
1496,teacher496,hashed_pw,000-0000-1496,teacher1496@edmaster.com,teacher
1497,teacher497,hashed_pw,000-0000-1497,teacher1497@edmaster.com,teacher
1498,teacher498,hashed_pw,000-0000-1498,teacher1498@edmaster.com,teacher
1499,teacher499,hashed_pw,000-0000-1499,teacher1499@edmaster.com,teacher
1500,teacher500,hashed_pw,000-0000-1500,teacher1500@edmaster.com,teacher
1501,teacher501,hashed_pw,000-0000-1501,teacher1501@edmaster.com,teacher
1502,teacher502,hashed_pw,000-0000-1502,teacher1502@edmaster.com,teacher
1503,teacher503,hashed_pw,000-0000-1503,teacher1503@edmaster.com,teacher
1504,teacher504,hashed_pw,000-0000-1504,teacher1504@edmaster.com,teacher
1505,teacher505,hashed_pw,000-0000-1505,teacher1505@edmaster.com,teacher
1506,teacher506,hashed_pw,000-0000-1506,teacher1506@edmaster.com,teacher
1507,teacher507,hashed_pw,000-0000-1507,teacher1507@edmaster.com,teacher
1508,teacher508,hashed_pw,000-0000-1508,teacher1508@edmaster.com,teacher
1509,teacher509,hashed_pw,000-0000-1509,teacher1509@edmaster.com,teacher
1510,teacher510,hashed_pw,000-0000-1510,teacher1510@edmaster.com,teacher
1511,teacher511,hashed_pw,000-0000-1511,teacher1511@edmaster.com,teacher
1512,teacher512,hashed_pw,000-0000-1512,teacher1512@edmaster.com,teacher
1513,teacher513,hashed_pw,000-0000-1513,teacher1513@edmaster.com,teacher
1514,teacher514,hashed_pw,000-0000-1514,teacher1514@edmaster.com,teacher
1515,teacher515,hashed_pw,000-0000-1515,teacher1515@edmaster.com,teacher
1516,teacher516,hashed_pw,000-0000-1516,teacher1516@edmaster.com,teacher
1517,teacher517,hashed_pw,000-0000-1517,teacher1517@edmaster.com,teacher
1518,teacher518,hashed_pw,000-0000-1518,teacher1518@edmaster.com,teacher
1519,teacher519,hashed_pw,000-0000-1519,teacher1519@edmaster.com,teacher
1520,teacher520,hashed_pw,000-0000-1520,teacher1520@edmaster.com,teacher
1521,teacher521,hashed_pw,000-0000-1521,teacher1521@edmaster.com,teacher
1522,teacher522,hashed_pw,000-0000-1522,teacher1522@edmaster.com,teacher
1523,teacher523,hashed_pw,000-0000-1523,teacher1523@edmaster.com,teacher
1524,teacher524,hashed_pw,000-0000-1524,teacher1524@edmaster.com,teacher
1525,teacher525,hashed_pw,000-0000-1525,teacher1525@edmaster.com,teacher
1526,teacher526,hashed_pw,000-0000-1526,teacher1526@edmaster.com,teacher
1527,teacher527,hashed_pw,000-0000-1527,teacher1527@edmaster.com,teacher
1528,teacher528,hashed_pw,000-0000-1528,teacher1528@edmaster.com,teacher
1529,teacher529,hashed_pw,000-0000-1529,teacher1529@edmaster.com,teacher
1530,teacher530,hashed_pw,000-0000-1530,teacher1530@edmaster.com,teacher
1531,teacher531,hashed_pw,000-0000-1531,teacher1531@edmaster.com,teacher
1532,teacher532,hashed_pw,000-0000-1532,teacher1532@edmaster.com,teacher
1533,teacher533,hashed_pw,000-0000-1533,teacher1533@edmaster.com,teacher
1534,teacher534,hashed_pw,000-0000-1534,teacher1534@edmaster.com,teacher
1535,teacher535,hashed_pw,000-0000-1535,teacher1535@edmaster.com,teacher
1536,teacher536,hashed_pw,000-0000-1536,teacher1536@edmaster.com,teacher
1537,teacher537,hashed_pw,000-0000-1537,teacher1537@edmaster.com,teacher
1538,teacher538,hashed_pw,000-0000-1538,teacher1538@edmaster.com,teacher
1539,teacher539,hashed_pw,000-0000-1539,teacher1539@edmaster.com,teacher
1540,teacher540,hashed_pw,000-0000-1540,teacher1540@edmaster.com,teacher
1541,teacher541,hashed_pw,000-0000-1541,teacher1541@edmaster.com,teacher
1542,teacher542,hashed_pw,000-0000-1542,teacher1542@edmaster.com,teacher
1543,teacher543,hashed_pw,000-0000-1543,teacher1543@edmaster.com,teacher
1544,teacher544,hashed_pw,000-0000-1544,teacher1544@edmaster.com,teacher
1545,teacher545,hashed_pw,000-0000-1545,teacher1545@edmaster.com,teacher
1546,teacher546,hashed_pw,000-0000-1546,teacher1546@edmaster.com,teacher
1547,teacher547,hashed_pw,000-0000-1547,teacher1547@edmaster.com,teacher
1548,teacher548,hashed_pw,000-0000-1548,teacher1548@edmaster.com,teacher
1549,teacher549,hashed_pw,000-0000-1549,teacher1549@edmaster.com,teacher
1550,teacher550,hashed_pw,000-0000-1550,teacher1550@edmaster.com,teacher
1551,teacher551,hashed_pw,000-0000-1551,teacher1551@edmaster.com,teacher
1552,teacher552,hashed_pw,000-0000-1552,teacher1552@edmaster.com,teacher
1553,teacher553,hashed_pw,000-0000-1553,teacher1553@edmaster.com,teacher
1554,teacher554,hashed_pw,000-0000-1554,teacher1554@edmaster.com,teacher
1555,teacher555,hashed_pw,000-0000-1555,teacher1555@edmaster.com,teacher
1556,teacher556,hashed_pw,000-0000-1556,teacher1556@edmaster.com,teacher
1557,teacher557,hashed_pw,000-0000-1557,teacher1557@edmaster.com,teacher
1558,teacher558,hashed_pw,000-0000-1558,teacher1558@edmaster.com,teacher
1559,teacher559,hashed_pw,000-0000-1559,teacher1559@edmaster.com,teacher
1560,teacher560,hashed_pw,000-0000-1560,teacher1560@edmaster.com,teacher
1561,teacher561,hashed_pw,000-0000-1561,teacher1561@edmaster.com,teacher
1562,teacher562,hashed_pw,000-0000-1562,teacher1562@edmaster.com,teacher
1563,teacher563,hashed_pw,000-0000-1563,teacher1563@edmaster.com,teacher
1564,teacher564,hashed_pw,000-0000-1564,teacher1564@edmaster.com,teacher
1565,teacher565,hashed_pw,000-0000-1565,teacher1565@edmaster.com,teacher
1566,teacher566,hashed_pw,000-0000-1566,teacher1566@edmaster.com,teacher
1567,teacher567,hashed_pw,000-0000-1567,teacher1567@edmaster.com,teacher
1568,teacher568,hashed_pw,000-0000-1568,teacher1568@edmaster.com,teacher
1569,teacher569,hashed_pw,000-0000-1569,teacher1569@edmaster.com,teacher
1570,teacher570,hashed_pw,000-0000-1570,teacher1570@edmaster.com,teacher
1571,teacher571,hashed_pw,000-0000-1571,teacher1571@edmaster.com,teacher
1572,teacher572,hashed_pw,000-0000-1572,teacher1572@edmaster.com,teacher
1573,teacher573,hashed_pw,000-0000-1573,teacher1573@edmaster.com,teacher
1574,teacher574,hashed_pw,000-0000-1574,teacher1574@edmaster.com,teacher
1575,teacher575,hashed_pw,000-0000-1575,teacher1575@edmaster.com,teacher
1576,teacher576,hashed_pw,000-0000-1576,teacher1576@edmaster.com,teacher
1577,teacher577,hashed_pw,000-0000-1577,teacher1577@edmaster.com,teacher
1578,teacher578,hashed_pw,000-0000-1578,teacher1578@edmaster.com,teacher
1579,teacher579,hashed_pw,000-0000-1579,teacher1579@edmaster.com,teacher
1580,teacher580,hashed_pw,000-0000-1580,teacher1580@edmaster.com,teacher
1581,teacher581,hashed_pw,000-0000-1581,teacher1581@edmaster.com,teacher
1582,teacher582,hashed_pw,000-0000-1582,teacher1582@edmaster.com,teacher
1583,teacher583,hashed_pw,000-0000-1583,teacher1583@edmaster.com,teacher
1584,teacher584,hashed_pw,000-0000-1584,teacher1584@edmaster.com,teacher
1585,teacher585,hashed_pw,000-0000-1585,teacher1585@edmaster.com,teacher
1586,teacher586,hashed_pw,000-0000-1586,teacher1586@edmaster.com,teacher
1587,teacher587,hashed_pw,000-0000-1587,teacher1587@edmaster.com,teacher
1588,teacher588,hashed_pw,000-0000-1588,teacher1588@edmaster.com,teacher
1589,teacher589,hashed_pw,000-0000-1589,teacher1589@edmaster.com,teacher
1590,teacher590,hashed_pw,000-0000-1590,teacher1590@edmaster.com,teacher
1591,teacher591,hashed_pw,000-0000-1591,teacher1591@edmaster.com,teacher
1592,teacher592,hashed_pw,000-0000-1592,teacher1592@edmaster.com,teacher
1593,teacher593,hashed_pw,000-0000-1593,teacher1593@edmaster.com,teacher
1594,teacher594,hashed_pw,000-0000-1594,teacher1594@edmaster.com,teacher
1595,teacher595,hashed_pw,000-0000-1595,teacher1595@edmaster.com,teacher
1596,teacher596,hashed_pw,000-0000-1596,teacher1596@edmaster.com,teacher
1597,teacher597,hashed_pw,000-0000-1597,teacher1597@edmaster.com,teacher
1598,teacher598,hashed_pw,000-0000-1598,teacher1598@edmaster.com,teacher
1599,teacher599,hashed_pw,000-0000-1599,teacher1599@edmaster.com,teacher
1600,teacher600,hashed_pw,000-0000-1600,teacher1600@edmaster.com,teacher
1601,teacher601,hashed_pw,000-0000-1601,teacher1601@edmaster.com,teacher
1602,teacher602,hashed_pw,000-0000-1602,teacher1602@edmaster.com,teacher
1603,teacher603,hashed_pw,000-0000-1603,teacher1603@edmaster.com,teacher
1604,teacher604,hashed_pw,000-0000-1604,teacher1604@edmaster.com,teacher
1605,teacher605,hashed_pw,000-0000-1605,teacher1605@edmaster.com,teacher
1606,teacher606,hashed_pw,000-0000-1606,teacher1606@edmaster.com,teacher
1607,teacher607,hashed_pw,000-0000-1607,teacher1607@edmaster.com,teacher
1608,teacher608,hashed_pw,000-0000-1608,teacher1608@edmaster.com,teacher
1609,teacher609,hashed_pw,000-0000-1609,teacher1609@edmaster.com,teacher
1610,teacher610,hashed_pw,000-0000-1610,teacher1610@edmaster.com,teacher
1611,teacher611,hashed_pw,000-0000-1611,teacher1611@edmaster.com,teacher
1612,teacher612,hashed_pw,000-0000-1612,teacher1612@edmaster.com,teacher
1613,teacher613,hashed_pw,000-0000-1613,teacher1613@edmaster.com,teacher
1614,teacher614,hashed_pw,000-0000-1614,teacher1614@edmaster.com,teacher
1615,teacher615,hashed_pw,000-0000-1615,teacher1615@edmaster.com,teacher
1616,teacher616,hashed_pw,000-0000-1616,teacher1616@edmaster.com,teacher
1617,teacher617,hashed_pw,000-0000-1617,teacher1617@edmaster.com,teacher
1618,teacher618,hashed_pw,000-0000-1618,teacher1618@edmaster.com,teacher
1619,teacher619,hashed_pw,000-0000-1619,teacher1619@edmaster.com,teacher
1620,teacher620,hashed_pw,000-0000-1620,teacher1620@edmaster.com,teacher
1621,teacher621,hashed_pw,000-0000-1621,teacher1621@edmaster.com,teacher
1622,teacher622,hashed_pw,000-0000-1622,teacher1622@edmaster.com,teacher
1623,teacher623,hashed_pw,000-0000-1623,teacher1623@edmaster.com,teacher
1624,teacher624,hashed_pw,000-0000-1624,teacher1624@edmaster.com,teacher
1625,teacher625,hashed_pw,000-0000-1625,teacher1625@edmaster.com,teacher
1626,teacher626,hashed_pw,000-0000-1626,teacher1626@edmaster.com,teacher
1627,teacher627,hashed_pw,000-0000-1627,teacher1627@edmaster.com,teacher
1628,teacher628,hashed_pw,000-0000-1628,teacher1628@edmaster.com,teacher
1629,teacher629,hashed_pw,000-0000-1629,teacher1629@edmaster.com,teacher
1630,teacher630,hashed_pw,000-0000-1630,teacher1630@edmaster.com,teacher
1631,teacher631,hashed_pw,000-0000-1631,teacher1631@edmaster.com,teacher
1632,teacher632,hashed_pw,000-0000-1632,teacher1632@edmaster.com,teacher
1633,teacher633,hashed_pw,000-0000-1633,teacher1633@edmaster.com,teacher
1634,teacher634,hashed_pw,000-0000-1634,teacher1634@edmaster.com,teacher
1635,teacher635,hashed_pw,000-0000-1635,teacher1635@edmaster.com,teacher
1636,teacher636,hashed_pw,000-0000-1636,teacher1636@edmaster.com,teacher
1637,teacher637,hashed_pw,000-0000-1637,teacher1637@edmaster.com,teacher
1638,teacher638,hashed_pw,000-0000-1638,teacher1638@edmaster.com,teacher
1639,teacher639,hashed_pw,000-0000-1639,teacher1639@edmaster.com,teacher
1640,teacher640,hashed_pw,000-0000-1640,teacher1640@edmaster.com,teacher
1641,teacher641,hashed_pw,000-0000-1641,teacher1641@edmaster.com,teacher
1642,teacher642,hashed_pw,000-0000-1642,teacher1642@edmaster.com,teacher
1643,teacher643,hashed_pw,000-0000-1643,teacher1643@edmaster.com,teacher
1644,teacher644,hashed_pw,000-0000-1644,teacher1644@edmaster.com,teacher
1645,teacher645,hashed_pw,000-0000-1645,teacher1645@edmaster.com,teacher
1646,teacher646,hashed_pw,000-0000-1646,teacher1646@edmaster.com,teacher
1647,teacher647,hashed_pw,000-0000-1647,teacher1647@edmaster.com,teacher
1648,teacher648,hashed_pw,000-0000-1648,teacher1648@edmaster.com,teacher
1649,teacher649,hashed_pw,000-0000-1649,teacher1649@edmaster.com,teacher
1650,teacher650,hashed_pw,000-0000-1650,teacher1650@edmaster.com,teacher
1651,teacher651,hashed_pw,000-0000-1651,teacher1651@edmaster.com,teacher
1652,teacher652,hashed_pw,000-0000-1652,teacher1652@edmaster.com,teacher
1653,teacher653,hashed_pw,000-0000-1653,teacher1653@edmaster.com,teacher
1654,teacher654,hashed_pw,000-0000-1654,teacher1654@edmaster.com,teacher
1655,teacher655,hashed_pw,000-0000-1655,teacher1655@edmaster.com,teacher
1656,teacher656,hashed_pw,000-0000-1656,teacher1656@edmaster.com,teacher
1657,teacher657,hashed_pw,000-0000-1657,teacher1657@edmaster.com,teacher
1658,teacher658,hashed_pw,000-0000-1658,teacher1658@edmaster.com,teacher
1659,teacher659,hashed_pw,000-0000-1659,teacher1659@edmaster.com,teacher
1660,teacher660,hashed_pw,000-0000-1660,teacher1660@edmaster.com,teacher
1661,teacher661,hashed_pw,000-0000-1661,teacher1661@edmaster.com,teacher
1662,teacher662,hashed_pw,000-0000-1662,teacher1662@edmaster.com,teacher
1663,teacher663,hashed_pw,000-0000-1663,teacher1663@edmaster.com,teacher
1664,teacher664,hashed_pw,000-0000-1664,teacher1664@edmaster.com,teacher
1665,teacher665,hashed_pw,000-0000-1665,teacher1665@edmaster.com,teacher
1666,teacher666,hashed_pw,000-0000-1666,teacher1666@edmaster.com,teacher
1667,teacher667,hashed_pw,000-0000-1667,teacher1667@edmaster.com,teacher
1668,teacher668,hashed_pw,000-0000-1668,teacher1668@edmaster.com,teacher
1669,teacher669,hashed_pw,000-0000-1669,teacher1669@edmaster.com,teacher
1670,teacher670,hashed_pw,000-0000-1670,teacher1670@edmaster.com,teacher
1671,teacher671,hashed_pw,000-0000-1671,teacher1671@edmaster.com,teacher
1672,teacher672,hashed_pw,000-0000-1672,teacher1672@edmaster.com,teacher
1673,teacher673,hashed_pw,000-0000-1673,teacher1673@edmaster.com,teacher
1674,teacher674,hashed_pw,000-0000-1674,teacher1674@edmaster.com,teacher
1675,teacher675,hashed_pw,000-0000-1675,teacher1675@edmaster.com,teacher
1676,teacher676,hashed_pw,000-0000-1676,teacher1676@edmaster.com,teacher
1677,teacher677,hashed_pw,000-0000-1677,teacher1677@edmaster.com,teacher
1678,teacher678,hashed_pw,000-0000-1678,teacher1678@edmaster.com,teacher
1679,teacher679,hashed_pw,000-0000-1679,teacher1679@edmaster.com,teacher
1680,teacher680,hashed_pw,000-0000-1680,teacher1680@edmaster.com,teacher
1681,teacher681,hashed_pw,000-0000-1681,teacher1681@edmaster.com,teacher
1682,teacher682,hashed_pw,000-0000-1682,teacher1682@edmaster.com,teacher
1683,teacher683,hashed_pw,000-0000-1683,teacher1683@edmaster.com,teacher
1684,teacher684,hashed_pw,000-0000-1684,teacher1684@edmaster.com,teacher
1685,teacher685,hashed_pw,000-0000-1685,teacher1685@edmaster.com,teacher
1686,teacher686,hashed_pw,000-0000-1686,teacher1686@edmaster.com,teacher
1687,teacher687,hashed_pw,000-0000-1687,teacher1687@edmaster.com,teacher
1688,teacher688,hashed_pw,000-0000-1688,teacher1688@edmaster.com,teacher
1689,teacher689,hashed_pw,000-0000-1689,teacher1689@edmaster.com,teacher
1690,teacher690,hashed_pw,000-0000-1690,teacher1690@edmaster.com,teacher
1691,teacher691,hashed_pw,000-0000-1691,teacher1691@edmaster.com,teacher
1692,teacher692,hashed_pw,000-0000-1692,teacher1692@edmaster.com,teacher
1693,teacher693,hashed_pw,000-0000-1693,teacher1693@edmaster.com,teacher
1694,teacher694,hashed_pw,000-0000-1694,teacher1694@edmaster.com,teacher
1695,teacher695,hashed_pw,000-0000-1695,teacher1695@edmaster.com,teacher
1696,teacher696,hashed_pw,000-0000-1696,teacher1696@edmaster.com,teacher
1697,teacher697,hashed_pw,000-0000-1697,teacher1697@edmaster.com,teacher
1698,teacher698,hashed_pw,000-0000-1698,teacher1698@edmaster.com,teacher
1699,teacher699,hashed_pw,000-0000-1699,teacher1699@edmaster.com,teacher
1700,teacher700,hashed_pw,000-0000-1700,teacher1700@edmaster.com,teacher
1701,teacher701,hashed_pw,000-0000-1701,teacher1701@edmaster.com,teacher
1702,teacher702,hashed_pw,000-0000-1702,teacher1702@edmaster.com,teacher
1703,teacher703,hashed_pw,000-0000-1703,teacher1703@edmaster.com,teacher
1704,teacher704,hashed_pw,000-0000-1704,teacher1704@edmaster.com,teacher
1705,teacher705,hashed_pw,000-0000-1705,teacher1705@edmaster.com,teacher
1706,teacher706,hashed_pw,000-0000-1706,teacher1706@edmaster.com,teacher
1707,teacher707,hashed_pw,000-0000-1707,teacher1707@edmaster.com,teacher
1708,teacher708,hashed_pw,000-0000-1708,teacher1708@edmaster.com,teacher
1709,teacher709,hashed_pw,000-0000-1709,teacher1709@edmaster.com,teacher
1710,teacher710,hashed_pw,000-0000-1710,teacher1710@edmaster.com,teacher
1711,teacher711,hashed_pw,000-0000-1711,teacher1711@edmaster.com,teacher
1712,teacher712,hashed_pw,000-0000-1712,teacher1712@edmaster.com,teacher
1713,teacher713,hashed_pw,000-0000-1713,teacher1713@edmaster.com,teacher
1714,teacher714,hashed_pw,000-0000-1714,teacher1714@edmaster.com,teacher
1715,teacher715,hashed_pw,000-0000-1715,teacher1715@edmaster.com,teacher
1716,teacher716,hashed_pw,000-0000-1716,teacher1716@edmaster.com,teacher
1717,teacher717,hashed_pw,000-0000-1717,teacher1717@edmaster.com,teacher
1718,teacher718,hashed_pw,000-0000-1718,teacher1718@edmaster.com,teacher
1719,teacher719,hashed_pw,000-0000-1719,teacher1719@edmaster.com,teacher
1720,teacher720,hashed_pw,000-0000-1720,teacher1720@edmaster.com,teacher
1721,teacher721,hashed_pw,000-0000-1721,teacher1721@edmaster.com,teacher
1722,teacher722,hashed_pw,000-0000-1722,teacher1722@edmaster.com,teacher
1723,teacher723,hashed_pw,000-0000-1723,teacher1723@edmaster.com,teacher
1724,teacher724,hashed_pw,000-0000-1724,teacher1724@edmaster.com,teacher
1725,teacher725,hashed_pw,000-0000-1725,teacher1725@edmaster.com,teacher
1726,teacher726,hashed_pw,000-0000-1726,teacher1726@edmaster.com,teacher
1727,teacher727,hashed_pw,000-0000-1727,teacher1727@edmaster.com,teacher
1728,teacher728,hashed_pw,000-0000-1728,teacher1728@edmaster.com,teacher
1729,teacher729,hashed_pw,000-0000-1729,teacher1729@edmaster.com,teacher
1730,teacher730,hashed_pw,000-0000-1730,teacher1730@edmaster.com,teacher
1731,teacher731,hashed_pw,000-0000-1731,teacher1731@edmaster.com,teacher
1732,teacher732,hashed_pw,000-0000-1732,teacher1732@edmaster.com,teacher
1733,teacher733,hashed_pw,000-0000-1733,teacher1733@edmaster.com,teacher
1734,teacher734,hashed_pw,000-0000-1734,teacher1734@edmaster.com,teacher
1735,teacher735,hashed_pw,000-0000-1735,teacher1735@edmaster.com,teacher
1736,teacher736,hashed_pw,000-0000-1736,teacher1736@edmaster.com,teacher
1737,teacher737,hashed_pw,000-0000-1737,teacher1737@edmaster.com,teacher
1738,teacher738,hashed_pw,000-0000-1738,teacher1738@edmaster.com,teacher
1739,teacher739,hashed_pw,000-0000-1739,teacher1739@edmaster.com,teacher
1740,teacher740,hashed_pw,000-0000-1740,teacher1740@edmaster.com,teacher
1741,teacher741,hashed_pw,000-0000-1741,teacher1741@edmaster.com,teacher
1742,teacher742,hashed_pw,000-0000-1742,teacher1742@edmaster.com,teacher
1743,teacher743,hashed_pw,000-0000-1743,teacher1743@edmaster.com,teacher
1744,teacher744,hashed_pw,000-0000-1744,teacher1744@edmaster.com,teacher
1745,teacher745,hashed_pw,000-0000-1745,teacher1745@edmaster.com,teacher
1746,teacher746,hashed_pw,000-0000-1746,teacher1746@edmaster.com,teacher
1747,teacher747,hashed_pw,000-0000-1747,teacher1747@edmaster.com,teacher
1748,teacher748,hashed_pw,000-0000-1748,teacher1748@edmaster.com,teacher
1749,teacher749,hashed_pw,000-0000-1749,teacher1749@edmaster.com,teacher
1750,teacher750,hashed_pw,000-0000-1750,teacher1750@edmaster.com,teacher
1751,teacher751,hashed_pw,000-0000-1751,teacher1751@edmaster.com,teacher
1752,teacher752,hashed_pw,000-0000-1752,teacher1752@edmaster.com,teacher
1753,teacher753,hashed_pw,000-0000-1753,teacher1753@edmaster.com,teacher
1754,teacher754,hashed_pw,000-0000-1754,teacher1754@edmaster.com,teacher
1755,teacher755,hashed_pw,000-0000-1755,teacher1755@edmaster.com,teacher
1756,teacher756,hashed_pw,000-0000-1756,teacher1756@edmaster.com,teacher
1757,teacher757,hashed_pw,000-0000-1757,teacher1757@edmaster.com,teacher
1758,teacher758,hashed_pw,000-0000-1758,teacher1758@edmaster.com,teacher
1759,teacher759,hashed_pw,000-0000-1759,teacher1759@edmaster.com,teacher
1760,teacher760,hashed_pw,000-0000-1760,teacher1760@edmaster.com,teacher
1761,teacher761,hashed_pw,000-0000-1761,teacher1761@edmaster.com,teacher
1762,teacher762,hashed_pw,000-0000-1762,teacher1762@edmaster.com,teacher
1763,teacher763,hashed_pw,000-0000-1763,teacher1763@edmaster.com,teacher
1764,teacher764,hashed_pw,000-0000-1764,teacher1764@edmaster.com,teacher
1765,teacher765,hashed_pw,000-0000-1765,teacher1765@edmaster.com,teacher
1766,teacher766,hashed_pw,000-0000-1766,teacher1766@edmaster.com,teacher
1767,teacher767,hashed_pw,000-0000-1767,teacher1767@edmaster.com,teacher
1768,teacher768,hashed_pw,000-0000-1768,teacher1768@edmaster.com,teacher
1769,teacher769,hashed_pw,000-0000-1769,teacher1769@edmaster.com,teacher
1770,teacher770,hashed_pw,000-0000-1770,teacher1770@edmaster.com,teacher
1771,teacher771,hashed_pw,000-0000-1771,teacher1771@edmaster.com,teacher
1772,teacher772,hashed_pw,000-0000-1772,teacher1772@edmaster.com,teacher
1773,teacher773,hashed_pw,000-0000-1773,teacher1773@edmaster.com,teacher
1774,teacher774,hashed_pw,000-0000-1774,teacher1774@edmaster.com,teacher
1775,teacher775,hashed_pw,000-0000-1775,teacher1775@edmaster.com,teacher
1776,teacher776,hashed_pw,000-0000-1776,teacher1776@edmaster.com,teacher
1777,teacher777,hashed_pw,000-0000-1777,teacher1777@edmaster.com,teacher
1778,teacher778,hashed_pw,000-0000-1778,teacher1778@edmaster.com,teacher
1779,teacher779,hashed_pw,000-0000-1779,teacher1779@edmaster.com,teacher
1780,teacher780,hashed_pw,000-0000-1780,teacher1780@edmaster.com,teacher
1781,teacher781,hashed_pw,000-0000-1781,teacher1781@edmaster.com,teacher
1782,teacher782,hashed_pw,000-0000-1782,teacher1782@edmaster.com,teacher
1783,teacher783,hashed_pw,000-0000-1783,teacher1783@edmaster.com,teacher
1784,teacher784,hashed_pw,000-0000-1784,teacher1784@edmaster.com,teacher
1785,teacher785,hashed_pw,000-0000-1785,teacher1785@edmaster.com,teacher
1786,teacher786,hashed_pw,000-0000-1786,teacher1786@edmaster.com,teacher
1787,teacher787,hashed_pw,000-0000-1787,teacher1787@edmaster.com,teacher
1788,teacher788,hashed_pw,000-0000-1788,teacher1788@edmaster.com,teacher
1789,teacher789,hashed_pw,000-0000-1789,teacher1789@edmaster.com,teacher
1790,teacher790,hashed_pw,000-0000-1790,teacher1790@edmaster.com,teacher
1791,teacher791,hashed_pw,000-0000-1791,teacher1791@edmaster.com,teacher
1792,teacher792,hashed_pw,000-0000-1792,teacher1792@edmaster.com,teacher
1793,teacher793,hashed_pw,000-0000-1793,teacher1793@edmaster.com,teacher
1794,teacher794,hashed_pw,000-0000-1794,teacher1794@edmaster.com,teacher
1795,teacher795,hashed_pw,000-0000-1795,teacher1795@edmaster.com,teacher
1796,teacher796,hashed_pw,000-0000-1796,teacher1796@edmaster.com,teacher
1797,teacher797,hashed_pw,000-0000-1797,teacher1797@edmaster.com,teacher
1798,teacher798,hashed_pw,000-0000-1798,teacher1798@edmaster.com,teacher
1799,teacher799,hashed_pw,000-0000-1799,teacher1799@edmaster.com,teacher
1800,teacher800,hashed_pw,000-0000-1800,teacher1800@edmaster.com,teacher
1801,teacher801,hashed_pw,000-0000-1801,teacher1801@edmaster.com,teacher
1802,teacher802,hashed_pw,000-0000-1802,teacher1802@edmaster.com,teacher
1803,teacher803,hashed_pw,000-0000-1803,teacher1803@edmaster.com,teacher
1804,teacher804,hashed_pw,000-0000-1804,teacher1804@edmaster.com,teacher
1805,teacher805,hashed_pw,000-0000-1805,teacher1805@edmaster.com,teacher
1806,teacher806,hashed_pw,000-0000-1806,teacher1806@edmaster.com,teacher
1807,teacher807,hashed_pw,000-0000-1807,teacher1807@edmaster.com,teacher
1808,teacher808,hashed_pw,000-0000-1808,teacher1808@edmaster.com,teacher
1809,teacher809,hashed_pw,000-0000-1809,teacher1809@edmaster.com,teacher
1810,teacher810,hashed_pw,000-0000-1810,teacher1810@edmaster.com,teacher
1811,teacher811,hashed_pw,000-0000-1811,teacher1811@edmaster.com,teacher
1812,teacher812,hashed_pw,000-0000-1812,teacher1812@edmaster.com,teacher
1813,teacher813,hashed_pw,000-0000-1813,teacher1813@edmaster.com,teacher
1814,teacher814,hashed_pw,000-0000-1814,teacher1814@edmaster.com,teacher
1815,teacher815,hashed_pw,000-0000-1815,teacher1815@edmaster.com,teacher
1816,teacher816,hashed_pw,000-0000-1816,teacher1816@edmaster.com,teacher
1817,teacher817,hashed_pw,000-0000-1817,teacher1817@edmaster.com,teacher
1818,teacher818,hashed_pw,000-0000-1818,teacher1818@edmaster.com,teacher
1819,teacher819,hashed_pw,000-0000-1819,teacher1819@edmaster.com,teacher
1820,teacher820,hashed_pw,000-0000-1820,teacher1820@edmaster.com,teacher
1821,teacher821,hashed_pw,000-0000-1821,teacher1821@edmaster.com,teacher
1822,teacher822,hashed_pw,000-0000-1822,teacher1822@edmaster.com,teacher
1823,teacher823,hashed_pw,000-0000-1823,teacher1823@edmaster.com,teacher
1824,teacher824,hashed_pw,000-0000-1824,teacher1824@edmaster.com,teacher
1825,teacher825,hashed_pw,000-0000-1825,teacher1825@edmaster.com,teacher
1826,teacher826,hashed_pw,000-0000-1826,teacher1826@edmaster.com,teacher
1827,teacher827,hashed_pw,000-0000-1827,teacher1827@edmaster.com,teacher
1828,teacher828,hashed_pw,000-0000-1828,teacher1828@edmaster.com,teacher
1829,teacher829,hashed_pw,000-0000-1829,teacher1829@edmaster.com,teacher
1830,teacher830,hashed_pw,000-0000-1830,teacher1830@edmaster.com,teacher
1831,teacher831,hashed_pw,000-0000-1831,teacher1831@edmaster.com,teacher
1832,teacher832,hashed_pw,000-0000-1832,teacher1832@edmaster.com,teacher
1833,teacher833,hashed_pw,000-0000-1833,teacher1833@edmaster.com,teacher
1834,teacher834,hashed_pw,000-0000-1834,teacher1834@edmaster.com,teacher
1835,teacher835,hashed_pw,000-0000-1835,teacher1835@edmaster.com,teacher
1836,teacher836,hashed_pw,000-0000-1836,teacher1836@edmaster.com,teacher
1837,teacher837,hashed_pw,000-0000-1837,teacher1837@edmaster.com,teacher
1838,teacher838,hashed_pw,000-0000-1838,teacher1838@edmaster.com,teacher
1839,teacher839,hashed_pw,000-0000-1839,teacher1839@edmaster.com,teacher
1840,teacher840,hashed_pw,000-0000-1840,teacher1840@edmaster.com,teacher
1841,teacher841,hashed_pw,000-0000-1841,teacher1841@edmaster.com,teacher
1842,teacher842,hashed_pw,000-0000-1842,teacher1842@edmaster.com,teacher
1843,teacher843,hashed_pw,000-0000-1843,teacher1843@edmaster.com,teacher
1844,teacher844,hashed_pw,000-0000-1844,teacher1844@edmaster.com,teacher
1845,teacher845,hashed_pw,000-0000-1845,teacher1845@edmaster.com,teacher
1846,teacher846,hashed_pw,000-0000-1846,teacher1846@edmaster.com,teacher
1847,teacher847,hashed_pw,000-0000-1847,teacher1847@edmaster.com,teacher
1848,teacher848,hashed_pw,000-0000-1848,teacher1848@edmaster.com,teacher
1849,teacher849,hashed_pw,000-0000-1849,teacher1849@edmaster.com,teacher
1850,teacher850,hashed_pw,000-0000-1850,teacher1850@edmaster.com,teacher
1851,teacher851,hashed_pw,000-0000-1851,teacher1851@edmaster.com,teacher
1852,teacher852,hashed_pw,000-0000-1852,teacher1852@edmaster.com,teacher
1853,teacher853,hashed_pw,000-0000-1853,teacher1853@edmaster.com,teacher
1854,teacher854,hashed_pw,000-0000-1854,teacher1854@edmaster.com,teacher
1855,teacher855,hashed_pw,000-0000-1855,teacher1855@edmaster.com,teacher
1856,teacher856,hashed_pw,000-0000-1856,teacher1856@edmaster.com,teacher
1857,teacher857,hashed_pw,000-0000-1857,teacher1857@edmaster.com,teacher
1858,teacher858,hashed_pw,000-0000-1858,teacher1858@edmaster.com,teacher
1859,teacher859,hashed_pw,000-0000-1859,teacher1859@edmaster.com,teacher
1860,teacher860,hashed_pw,000-0000-1860,teacher1860@edmaster.com,teacher
1861,teacher861,hashed_pw,000-0000-1861,teacher1861@edmaster.com,teacher
1862,teacher862,hashed_pw,000-0000-1862,teacher1862@edmaster.com,teacher
1863,teacher863,hashed_pw,000-0000-1863,teacher1863@edmaster.com,teacher
1864,teacher864,hashed_pw,000-0000-1864,teacher1864@edmaster.com,teacher
1865,teacher865,hashed_pw,000-0000-1865,teacher1865@edmaster.com,teacher
1866,teacher866,hashed_pw,000-0000-1866,teacher1866@edmaster.com,teacher
1867,teacher867,hashed_pw,000-0000-1867,teacher1867@edmaster.com,teacher
1868,teacher868,hashed_pw,000-0000-1868,teacher1868@edmaster.com,teacher
1869,teacher869,hashed_pw,000-0000-1869,teacher1869@edmaster.com,teacher
1870,teacher870,hashed_pw,000-0000-1870,teacher1870@edmaster.com,teacher
1871,teacher871,hashed_pw,000-0000-1871,teacher1871@edmaster.com,teacher
1872,teacher872,hashed_pw,000-0000-1872,teacher1872@edmaster.com,teacher
1873,teacher873,hashed_pw,000-0000-1873,teacher1873@edmaster.com,teacher
1874,teacher874,hashed_pw,000-0000-1874,teacher1874@edmaster.com,teacher
1875,teacher875,hashed_pw,000-0000-1875,teacher1875@edmaster.com,teacher
1876,teacher876,hashed_pw,000-0000-1876,teacher1876@edmaster.com,teacher
1877,teacher877,hashed_pw,000-0000-1877,teacher1877@edmaster.com,teacher
1878,teacher878,hashed_pw,000-0000-1878,teacher1878@edmaster.com,teacher
1879,teacher879,hashed_pw,000-0000-1879,teacher1879@edmaster.com,teacher
1880,teacher880,hashed_pw,000-0000-1880,teacher1880@edmaster.com,teacher
1881,teacher881,hashed_pw,000-0000-1881,teacher1881@edmaster.com,teacher
1882,teacher882,hashed_pw,000-0000-1882,teacher1882@edmaster.com,teacher
1883,teacher883,hashed_pw,000-0000-1883,teacher1883@edmaster.com,teacher
1884,teacher884,hashed_pw,000-0000-1884,teacher1884@edmaster.com,teacher
1885,teacher885,hashed_pw,000-0000-1885,teacher1885@edmaster.com,teacher
1886,teacher886,hashed_pw,000-0000-1886,teacher1886@edmaster.com,teacher
1887,teacher887,hashed_pw,000-0000-1887,teacher1887@edmaster.com,teacher
1888,teacher888,hashed_pw,000-0000-1888,teacher1888@edmaster.com,teacher
1889,teacher889,hashed_pw,000-0000-1889,teacher1889@edmaster.com,teacher
1890,teacher890,hashed_pw,000-0000-1890,teacher1890@edmaster.com,teacher
1891,teacher891,hashed_pw,000-0000-1891,teacher1891@edmaster.com,teacher
1892,teacher892,hashed_pw,000-0000-1892,teacher1892@edmaster.com,teacher
1893,teacher893,hashed_pw,000-0000-1893,teacher1893@edmaster.com,teacher
1894,teacher894,hashed_pw,000-0000-1894,teacher1894@edmaster.com,teacher
1895,teacher895,hashed_pw,000-0000-1895,teacher1895@edmaster.com,teacher
1896,teacher896,hashed_pw,000-0000-1896,teacher1896@edmaster.com,teacher
1897,teacher897,hashed_pw,000-0000-1897,teacher1897@edmaster.com,teacher
1898,teacher898,hashed_pw,000-0000-1898,teacher1898@edmaster.com,teacher
1899,teacher899,hashed_pw,000-0000-1899,teacher1899@edmaster.com,teacher
1900,teacher900,hashed_pw,000-0000-1900,teacher1900@edmaster.com,teacher
1901,teacher901,hashed_pw,000-0000-1901,teacher1901@edmaster.com,teacher
1902,teacher902,hashed_pw,000-0000-1902,teacher1902@edmaster.com,teacher
1903,teacher903,hashed_pw,000-0000-1903,teacher1903@edmaster.com,teacher
1904,teacher904,hashed_pw,000-0000-1904,teacher1904@edmaster.com,teacher
1905,teacher905,hashed_pw,000-0000-1905,teacher1905@edmaster.com,teacher
1906,teacher906,hashed_pw,000-0000-1906,teacher1906@edmaster.com,teacher
1907,teacher907,hashed_pw,000-0000-1907,teacher1907@edmaster.com,teacher
1908,teacher908,hashed_pw,000-0000-1908,teacher1908@edmaster.com,teacher
1909,teacher909,hashed_pw,000-0000-1909,teacher1909@edmaster.com,teacher
1910,teacher910,hashed_pw,000-0000-1910,teacher1910@edmaster.com,teacher
1911,teacher911,hashed_pw,000-0000-1911,teacher1911@edmaster.com,teacher
1912,teacher912,hashed_pw,000-0000-1912,teacher1912@edmaster.com,teacher
1913,teacher913,hashed_pw,000-0000-1913,teacher1913@edmaster.com,teacher
1914,teacher914,hashed_pw,000-0000-1914,teacher1914@edmaster.com,teacher
1915,teacher915,hashed_pw,000-0000-1915,teacher1915@edmaster.com,teacher
1916,teacher916,hashed_pw,000-0000-1916,teacher1916@edmaster.com,teacher
1917,teacher917,hashed_pw,000-0000-1917,teacher1917@edmaster.com,teacher
1918,teacher918,hashed_pw,000-0000-1918,teacher1918@edmaster.com,teacher
1919,teacher919,hashed_pw,000-0000-1919,teacher1919@edmaster.com,teacher
1920,teacher920,hashed_pw,000-0000-1920,teacher1920@edmaster.com,teacher
1921,teacher921,hashed_pw,000-0000-1921,teacher1921@edmaster.com,teacher
1922,teacher922,hashed_pw,000-0000-1922,teacher1922@edmaster.com,teacher
1923,teacher923,hashed_pw,000-0000-1923,teacher1923@edmaster.com,teacher
1924,teacher924,hashed_pw,000-0000-1924,teacher1924@edmaster.com,teacher
1925,teacher925,hashed_pw,000-0000-1925,teacher1925@edmaster.com,teacher
1926,teacher926,hashed_pw,000-0000-1926,teacher1926@edmaster.com,teacher
1927,teacher927,hashed_pw,000-0000-1927,teacher1927@edmaster.com,teacher
1928,teacher928,hashed_pw,000-0000-1928,teacher1928@edmaster.com,teacher
1929,teacher929,hashed_pw,000-0000-1929,teacher1929@edmaster.com,teacher
1930,teacher930,hashed_pw,000-0000-1930,teacher1930@edmaster.com,teacher
1931,teacher931,hashed_pw,000-0000-1931,teacher1931@edmaster.com,teacher
1932,teacher932,hashed_pw,000-0000-1932,teacher1932@edmaster.com,teacher
1933,teacher933,hashed_pw,000-0000-1933,teacher1933@edmaster.com,teacher
1934,teacher934,hashed_pw,000-0000-1934,teacher1934@edmaster.com,teacher
1935,teacher935,hashed_pw,000-0000-1935,teacher1935@edmaster.com,teacher
1936,teacher936,hashed_pw,000-0000-1936,teacher1936@edmaster.com,teacher
1937,teacher937,hashed_pw,000-0000-1937,teacher1937@edmaster.com,teacher
1938,teacher938,hashed_pw,000-0000-1938,teacher1938@edmaster.com,teacher
1939,teacher939,hashed_pw,000-0000-1939,teacher1939@edmaster.com,teacher
1940,teacher940,hashed_pw,000-0000-1940,teacher1940@edmaster.com,teacher
1941,teacher941,hashed_pw,000-0000-1941,teacher1941@edmaster.com,teacher
1942,teacher942,hashed_pw,000-0000-1942,teacher1942@edmaster.com,teacher
1943,teacher943,hashed_pw,000-0000-1943,teacher1943@edmaster.com,teacher
1944,teacher944,hashed_pw,000-0000-1944,teacher1944@edmaster.com,teacher
1945,teacher945,hashed_pw,000-0000-1945,teacher1945@edmaster.com,teacher
1946,teacher946,hashed_pw,000-0000-1946,teacher1946@edmaster.com,teacher
1947,teacher947,hashed_pw,000-0000-1947,teacher1947@edmaster.com,teacher
1948,teacher948,hashed_pw,000-0000-1948,teacher1948@edmaster.com,teacher
1949,teacher949,hashed_pw,000-0000-1949,teacher1949@edmaster.com,teacher
1950,teacher950,hashed_pw,000-0000-1950,teacher1950@edmaster.com,teacher
1951,teacher951,hashed_pw,000-0000-1951,teacher1951@edmaster.com,teacher
1952,teacher952,hashed_pw,000-0000-1952,teacher1952@edmaster.com,teacher
1953,teacher953,hashed_pw,000-0000-1953,teacher1953@edmaster.com,teacher
1954,teacher954,hashed_pw,000-0000-1954,teacher1954@edmaster.com,teacher
1955,teacher955,hashed_pw,000-0000-1955,teacher1955@edmaster.com,teacher
1956,teacher956,hashed_pw,000-0000-1956,teacher1956@edmaster.com,teacher
1957,teacher957,hashed_pw,000-0000-1957,teacher1957@edmaster.com,teacher
1958,teacher958,hashed_pw,000-0000-1958,teacher1958@edmaster.com,teacher
1959,teacher959,hashed_pw,000-0000-1959,teacher1959@edmaster.com,teacher
1960,teacher960,hashed_pw,000-0000-1960,teacher1960@edmaster.com,teacher
1961,teacher961,hashed_pw,000-0000-1961,teacher1961@edmaster.com,teacher
1962,teacher962,hashed_pw,000-0000-1962,teacher1962@edmaster.com,teacher
1963,teacher963,hashed_pw,000-0000-1963,teacher1963@edmaster.com,teacher
1964,teacher964,hashed_pw,000-0000-1964,teacher1964@edmaster.com,teacher
1965,teacher965,hashed_pw,000-0000-1965,teacher1965@edmaster.com,teacher
1966,teacher966,hashed_pw,000-0000-1966,teacher1966@edmaster.com,teacher
1967,teacher967,hashed_pw,000-0000-1967,teacher1967@edmaster.com,teacher
1968,teacher968,hashed_pw,000-0000-1968,teacher1968@edmaster.com,teacher
1969,teacher969,hashed_pw,000-0000-1969,teacher1969@edmaster.com,teacher
1970,teacher970,hashed_pw,000-0000-1970,teacher1970@edmaster.com,teacher
1971,teacher971,hashed_pw,000-0000-1971,teacher1971@edmaster.com,teacher
1972,teacher972,hashed_pw,000-0000-1972,teacher1972@edmaster.com,teacher
1973,teacher973,hashed_pw,000-0000-1973,teacher1973@edmaster.com,teacher
1974,teacher974,hashed_pw,000-0000-1974,teacher1974@edmaster.com,teacher
1975,teacher975,hashed_pw,000-0000-1975,teacher1975@edmaster.com,teacher
1976,teacher976,hashed_pw,000-0000-1976,teacher1976@edmaster.com,teacher
1977,teacher977,hashed_pw,000-0000-1977,teacher1977@edmaster.com,teacher
1978,teacher978,hashed_pw,000-0000-1978,teacher1978@edmaster.com,teacher
1979,teacher979,hashed_pw,000-0000-1979,teacher1979@edmaster.com,teacher
1980,teacher980,hashed_pw,000-0000-1980,teacher1980@edmaster.com,teacher
1981,teacher981,hashed_pw,000-0000-1981,teacher1981@edmaster.com,teacher
1982,teacher982,hashed_pw,000-0000-1982,teacher1982@edmaster.com,teacher
1983,teacher983,hashed_pw,000-0000-1983,teacher1983@edmaster.com,teacher
1984,teacher984,hashed_pw,000-0000-1984,teacher1984@edmaster.com,teacher
1985,teacher985,hashed_pw,000-0000-1985,teacher1985@edmaster.com,teacher
1986,teacher986,hashed_pw,000-0000-1986,teacher1986@edmaster.com,teacher
1987,teacher987,hashed_pw,000-0000-1987,teacher1987@edmaster.com,teacher
1988,teacher988,hashed_pw,000-0000-1988,teacher1988@edmaster.com,teacher
1989,teacher989,hashed_pw,000-0000-1989,teacher1989@edmaster.com,teacher
1990,teacher990,hashed_pw,000-0000-1990,teacher1990@edmaster.com,teacher
1991,teacher991,hashed_pw,000-0000-1991,teacher1991@edmaster.com,teacher
1992,teacher992,hashed_pw,000-0000-1992,teacher1992@edmaster.com,teacher
1993,teacher993,hashed_pw,000-0000-1993,teacher1993@edmaster.com,teacher
1994,teacher994,hashed_pw,000-0000-1994,teacher1994@edmaster.com,teacher
1995,teacher995,hashed_pw,000-0000-1995,teacher1995@edmaster.com,teacher
1996,teacher996,hashed_pw,000-0000-1996,teacher1996@edmaster.com,teacher
1997,teacher997,hashed_pw,000-0000-1997,teacher1997@edmaster.com,teacher
1998,teacher998,hashed_pw,000-0000-1998,teacher1998@edmaster.com,teacher
1999,teacher999,hashed_pw,000-0000-1999,teacher1999@edmaster.com,teacher
